# Temperature (C), % isooctane (fi), incertitude (dfi)

38.07,66.68109668,3.61243907
36.10,65.84949573,1.935667647
32.07,65.22116219,1.18193427
29.00,64.16506718,1.532325321

